{"assets/animations/audio_wave_animation.json":["assets/animations/audio_wave_animation.json"],"assets/images/app_logo.png":["assets/images/app_logo.png"],"assets/images/app_logo_small.png":["assets/images/app_logo_small.png"],"packages/cupertino_icons/assets/CupertinoIcons.ttf":["packages/cupertino_icons/assets/CupertinoIcons.ttf"],"packages/record_web/assets/js/record.worklet.js":["packages/record_web/assets/js/record.worklet.js"],"packages/simply_design_system/fonts/Inter/Inter-Bold.ttf":["packages/simply_design_system/fonts/Inter/Inter-Bold.ttf"],"packages/simply_design_system/fonts/Inter/Inter-Medium.ttf":["packages/simply_design_system/fonts/Inter/Inter-Medium.ttf"],"packages/simply_design_system/fonts/Inter/Inter-Regular.ttf":["packages/simply_design_system/fonts/Inter/Inter-Regular.ttf"],"packages/simply_design_system/fonts/Inter/Inter-SemiBold.ttf":["packages/simply_design_system/fonts/Inter/Inter-SemiBold.ttf"],"packages/simply_design_system/fonts/Typeday/Typeday-Bold.ttf":["packages/simply_design_system/fonts/Typeday/Typeday-Bold.ttf"],"packages/simply_design_system/fonts/Typeday/Typeday-SemiBold.ttf":["packages/simply_design_system/fonts/Typeday/Typeday-SemiBold.ttf"],"packages/simply_design_system/lib/fonts/Inter/Inter-Bold.ttf":["packages/simply_design_system/lib/fonts/Inter/Inter-Bold.ttf"],"packages/simply_design_system/lib/fonts/Inter/Inter-Medium.ttf":["packages/simply_design_system/lib/fonts/Inter/Inter-Medium.ttf"],"packages/simply_design_system/lib/fonts/Inter/Inter-Regular.ttf":["packages/simply_design_system/lib/fonts/Inter/Inter-Regular.ttf"],"packages/simply_design_system/lib/fonts/Inter/Inter-SemiBold.ttf":["packages/simply_design_system/lib/fonts/Inter/Inter-SemiBold.ttf"],"packages/simply_design_system/lib/fonts/Typeday/Typeday-Bold.ttf":["packages/simply_design_system/lib/fonts/Typeday/Typeday-Bold.ttf"],"packages/simply_design_system/lib/fonts/Typeday/Typeday-SemiBold.ttf":["packages/simply_design_system/lib/fonts/Typeday/Typeday-SemiBold.ttf"],"packages/window_manager/images/ic_chrome_close.png":["packages/window_manager/images/ic_chrome_close.png"],"packages/window_manager/images/ic_chrome_maximize.png":["packages/window_manager/images/ic_chrome_maximize.png"],"packages/window_manager/images/ic_chrome_minimize.png":["packages/window_manager/images/ic_chrome_minimize.png"],"packages/window_manager/images/ic_chrome_unmaximize.png":["packages/window_manager/images/ic_chrome_unmaximize.png"]}