[{"family":"MaterialIcons","fonts":[{"asset":"fonts/MaterialIcons-Regular.otf"}]},{"family":"Inter","fonts":[{"weight":400,"asset":"packages/simply_design_system/fonts/Inter/Inter-Regular.ttf"},{"weight":500,"asset":"packages/simply_design_system/fonts/Inter/Inter-Medium.ttf"},{"weight":600,"asset":"packages/simply_design_system/fonts/Inter/Inter-SemiBold.ttf"},{"weight":700,"asset":"packages/simply_design_system/fonts/Inter/Inter-Bold.ttf"}]},{"family":"Typeday","fonts":[{"weight":600,"asset":"packages/simply_design_system/fonts/Typeday/Typeday-SemiBold.ttf"},{"weight":700,"asset":"packages/simply_design_system/fonts/Typeday/Typeday-Bold.ttf"}]},{"family":"packages/cupertino_icons/CupertinoIcons","fonts":[{"asset":"packages/cupertino_icons/assets/CupertinoIcons.ttf"}]},{"family":"packages/simply_design_system/Inter","fonts":[{"weight":400,"asset":"packages/simply_design_system/lib/fonts/Inter/Inter-Regular.ttf"},{"weight":500,"asset":"packages/simply_design_system/lib/fonts/Inter/Inter-Medium.ttf"},{"weight":600,"asset":"packages/simply_design_system/lib/fonts/Inter/Inter-SemiBold.ttf"},{"weight":700,"asset":"packages/simply_design_system/lib/fonts/Inter/Inter-Bold.ttf"}]},{"family":"packages/simply_design_system/Typeday","fonts":[{"weight":600,"asset":"packages/simply_design_system/lib/fonts/Typeday/Typeday-SemiBold.ttf"},{"weight":700,"asset":"packages/simply_design_system/lib/fonts/Typeday/Typeday-Bold.ttf"}]}]